,df_Eye_OD_ID_39204,df_Eye_OD_ID_36496,df_Eye_OD_ID_39010,df_Eye_OD_ID_39011,df_Eye_OS_ID_39204,df_Eye_OS_ID_36496,df_Eye_OS_ID_39010,df_Eye_OS_ID_39011
12.5,407.9543970640527,292.4117519475928,588.9847553686529,708.6489282642199,254.72270437820941,489.90315516505143,734.7364067797888,529.1762936061295
12.75,473.51680285866337,357.97415774220343,654.5471611632627,774.2113340588296,320.28511017281915,555.4655609596612,800.2988125743994,594.7386994007402
13.0,539.0792086532731,423.53656353681407,720.1095669578733,839.7737398534402,385.8475159674307,621.0279667542718,865.8612183690101,660.3011051953499
13.25,604.6416144478837,489.0989693314238,785.671972752484,905.3361456480509,451.4099217620404,686.5903725488824,931.4236241636198,725.8635109899606
13.5,670.2040202424932,554.6613751260351,851.234378547095,970.8985514426606,516.9723275566512,752.1527783434918,996.9860299582308,791.4259167845717
11.75,211.26717968022103,95.72453456376216,392.29753798482216,511.9617108803884,58.03548699437823,293.21593778121917,538.0491893959584,332.489076222299
