,df_Eye_OD_ID_39204,df_Eye_OD_ID_36496,df_Eye_OD_ID_39010,df_Eye_OD_ID_39011,df_Eye_OS_ID_39204,df_Eye_OS_ID_36496,df_Eye_OS_ID_39010,df_Eye_OS_ID_39011
12.5,390.9329915590524,317.0391193057221,593.6643223527599,683.3578453771775,283.61532043075226,497.60483269592464,738.1484442898834,530.5680420638232
12.75,442.3796410422706,368.4857687889403,645.110971835978,734.8044948603956,335.0619699139704,549.0514821791428,789.5950937731016,582.0146915470414
13.0,493.82629052548873,419.93241827215843,696.5576213191962,786.2511443436138,386.50861939718857,600.498131662361,841.0417432563197,633.4613410302595
13.25,545.2729400087069,471.3790677553766,748.0042708024143,837.6977938268319,437.9552688804067,651.9447811455791,892.4883927395376,684.9079905134777
13.5,596.7195894919248,522.8257172385945,799.450920285633,889.1444433100498,489.4019183636249,703.3914306287973,943.935042222756,736.3546399966958
11.75,236.59304310939774,162.69917085606767,439.3243739031059,529.0178969275228,129.2753719810978,343.2648842462702,583.8084958402294,376.22809361416876
